{"timestamp": "2025-05-24 14:47:30", "domain_randomization": true, "transfer_learned_from:": "/home/jonas/Masteroppgave/qube-baselines/logs/simulator/QubeSwingupEnv/3e6/seed-857/model.pkl", "p_phi": [[7.5, 0.042, 0.042, 0.095, 0.085, 0.00027, 0.024, 0.129, 5e-05, 9.81], [[2.25, 0.0, 0.0, 0.0, 0.0, 0.0, 0.0, 0.0, 0.0, 0.0], [0.0, 7.056000000000002e-05, 0.0, 0.0, 0.0, 0.0, 0.0, 0.0, 0.0, 0.0], [0.0, 0.0, 7.056000000000002e-05, 0.0, 0.0, 0.0, 0.0, 0.0, 0.0, 0.0], [0.0, 0.0, 0.0, 0.0003610000000000001, 0.0, 0.0, 0.0, 0.0, 0.0, 0.0], [0.0, 0.0, 0.0, 0.0, 0.00028900000000000003, 0.0, 0.0, 0.0, 0.0, 0.0], [0.0, 0.0, 0.0, 0.0, 0.0, 2.9160000000000007e-09, 0.0, 0.0, 0.0, 0.0], [0.0, 0.0, 0.0, 0.0, 0.0, 0.0, 2.3040000000000003e-05, 0.0, 0.0, 0.0], [0.0, 0.0, 0.0, 0.0, 0.0, 0.0, 0.0, 0.0006656400000000002, 0.0, 0.0], [0.0, 0.0, 0.0, 0.0, 0.0, 0.0, 0.0, 0.0, 1.0000000000000002e-10, 0.0], [0.0, 0.0, 0.0, 0.0, 0.0, 0.0, 0.0, 0.0, 0.0, 3.8494440000000005]]], "config": {"board_type": "qube_servo3_usb", "max_voltage": 3, "Rm": 7.5, "kt": 0.042, "km": 0.042, "mr": 0.095, "Lr": 0.085, "Dr": 0.00027, "mp": 0.024, "Lp": 0.129, "Dp": 5e-05, "g": 9.81}}