{"timestamp": "2025-05-15 12:36:27", "domain_randomization": true, "transfer_learned_from:": "logs/SimOpt/QubeSwingupEnv/seed-560/iter-0/model.pkl", "p_phi": [[0.04799669235944748], [[6.7535816015151795e-06]]], "config": {"board_type": "qube_servo3_usb", "max_voltage": 3, "Rm": 7.5, "kt": 0.042, "km": 0.042, "mr": 0.095, "Lr": 0.085, "Dr": 0.00027, "mp": 0.024, "Lp": 0.129, "Dp": 5e-05, "g": 9.81}}