{"timestamp": "2025-05-29 13:04:41", "domain_randomization": true, "transfer_learned_from:": "logs/SimOpt/QubeSwingupEnv/simopt_sim2real_all_params_1111/v1/seed-491/iter-2/model.pkl", "p_phi": [[7.5, 0.041999999433755875, 0.041999999433755875, 0.06348340213298798, 0.09959276765584946, 0.0002699999895412475, 0.02619759552180767, 0.18325822055339813, 4.999999873689376e-05, 9.844533920288086], [[0.5625, 0.0, 0.0, 0.0, 0.0, 0.0, 0.0, 0.0, 0.0, 0.0], [0.0, 1.7640000000000004e-05, 0.0, 0.0, 0.0, 0.0, 0.0, 0.0, 0.0, 0.0], [0.0, 0.0, 1.7640000000000004e-05, 0.0, 0.0, 0.0, 0.0, 0.0, 0.0, 0.0], [0.0, 0.0, 0.0, 9.025000000000003e-05, 0.0, 0.0, 0.0, 0.0, 0.0, 0.0], [0.0, 0.0, 0.0, 0.0, 7.225000000000001e-05, 0.0, 0.0, 0.0, 0.0, 0.0], [0.0, 0.0, 0.0, 0.0, 0.0, 7.290000000000002e-10, 0.0, 0.0, 0.0, 0.0], [0.0, 0.0, 0.0, 0.0, 0.0, 0.0, 5.760000000000001e-06, 0.0, 0.0, 0.0], [0.0, 0.0, 0.0, 0.0, 0.0, 0.0, 0.0, 0.00016641000000000006, 0.0, 0.0], [0.0, 0.0, 0.0, 0.0, 0.0, 0.0, 0.0, 0.0, 2.5000000000000004e-11, 0.0], [0.0, 0.0, 0.0, 0.0, 0.0, 0.0, 0.0, 0.0, 0.0, 0.9623610000000001]]], "config": {"board_type": "qube_servo3_usb", "max_voltage": 3, "Rm": 7.5, "kt": 0.042, "km": 0.042, "mr": 0.095, "Lr": 0.085, "Dr": 0.00027, "mp": 0.024, "Lp": 0.129, "Dp": 5e-05, "g": 9.81}}