{"timestamp": "2025-05-20 22:45:49", "domain_randomization": true, "transfer_learned_from:": "logs/SimOpt/QubeSwingupEnv/sim2sim_double_mp_7777/seed-327/iter-1/model.pkl", "p_phi": [[0.04791073873639107], [[0.0007924376986920834]]], "config": {"board_type": "qube_servo3_usb", "max_voltage": 3, "Rm": 7.5, "kt": 0.042, "km": 0.042, "mr": 0.095, "Lr": 0.085, "Dr": 0.00027, "mp": 0.024, "Lp": 0.129, "Dp": 5e-05, "g": 9.81}}