{"timestamp": "2025-05-14 20:25:07", "domain_randomization": true, "transfer_learned_from:": "logs/SimOpt/QubeSwingupEnv/seed-196/iter-0/model.pkl", "p_phi": [[0.04799783229827881], [[6.087860583647853e-06]]], "config": {"board_type": "qube_servo3_usb", "max_voltage": 3, "Rm": 7.5, "kt": 0.042, "km": 0.042, "mr": 0.095, "Lr": 0.085, "Dr": 0.00027, "mp": 0.024, "Lp": 0.129, "Dp": 5e-05, "g": 9.81}}