{"timestamp": "2025-05-22 12:23:14", "domain_randomization": true, "transfer_learned_from:": "logs/SimOpt/QubeSwingupEnv/recreate_sim2sim_double_mass_12124545/seed-733/iter-1/model.pkl", "p_phi": [[0.04800429940223694], [[8.211257409129757e-06]]], "config": {"board_type": "qube_servo3_usb", "max_voltage": 3, "Rm": 7.5, "kt": 0.042, "km": 0.042, "mr": 0.095, "Lr": 0.085, "Dr": 0.00027, "mp": 0.024, "Lp": 0.129, "Dp": 5e-05, "g": 9.81}}