{"timestamp": "2025-05-20 14:23:46", "domain_randomization": true, "transfer_learned_from:": "logs/SimOpt/QubeSwingupEnv/sim2sim_double_mp_6989/seed-110/iter-1/model.pkl", "p_phi": [[0.23995906114578247], [[0.01805296540260315]]], "config": {"board_type": "qube_servo3_usb", "max_voltage": 3, "Rm": 7.5, "kt": 0.042, "km": 0.042, "mr": 0.095, "Lr": 0.085, "Dr": 0.00027, "mp": 0.024, "Lp": 0.129, "Dp": 5e-05, "g": 9.81}}