{"timestamp": "2025-06-27 17:15:30", "domain_randomization": true, "transfer_learned_from:": "logs/SimOpt/QubeSwingupEnv/simopt_sim2real_all_params_1111/v3/seed-773/iter-0/model.pkl", "p_phi": [[7.5, 0.041999999433755875, 0.041999999433755875, 0.09892363846302032, 0.09713926166296005, 0.0002699999895412475, 0.02040008269250393, 0.13321396708488464, 4.999999873689376e-05, 9.869617462158203], [[0.140625, 0.0, 0.0, 0.0, 0.0, 0.0, 0.0, 0.0, 0.0, 0.0], [0.0, 4.410000000000001e-06, 0.0, 0.0, 0.0, 0.0, 0.0, 0.0, 0.0, 0.0], [0.0, 0.0, 4.410000000000001e-06, 0.0, 0.0, 0.0, 0.0, 0.0, 0.0, 0.0], [0.0, 0.0, 0.0, 2.2562500000000006e-05, 0.0, 0.0, 0.0, 0.0, 0.0, 0.0], [0.0, 0.0, 0.0, 0.0, 1.8062500000000002e-05, 0.0, 0.0, 0.0, 0.0, 0.0], [0.0, 0.0, 0.0, 0.0, 0.0, 1.8225000000000004e-10, 0.0, 0.0, 0.0, 0.0], [0.0, 0.0, 0.0, 0.0, 0.0, 0.0, 1.4400000000000002e-06, 0.0, 0.0, 0.0], [0.0, 0.0, 0.0, 0.0, 0.0, 0.0, 0.0, 4.1602500000000014e-05, 0.0, 0.0], [0.0, 0.0, 0.0, 0.0, 0.0, 0.0, 0.0, 0.0, 6.250000000000001e-12, 0.0], [0.0, 0.0, 0.0, 0.0, 0.0, 0.0, 0.0, 0.0, 0.0, 0.24059025000000003]]], "config": {"board_type": "qube_servo3_usb", "max_voltage": 3, "Rm": 7.5, "kt": 0.042, "km": 0.042, "mr": 0.095, "Lr": 0.085, "Dr": 0.00027, "mp": 0.024, "Lp": 0.129, "Dp": 5e-05, "g": 9.81}}