{"timestamp": "2025-05-21 00:17:37", "domain_randomization": true, "transfer_learned_from:": "logs/SimOpt/QubeSwingupEnv/sim2sim_double_mp_7777/seed-420/iter-2/model.pkl", "p_phi": [[0.05229058861732483], [[0.0025560043286532164]]], "config": {"board_type": "qube_servo3_usb", "max_voltage": 3, "Rm": 7.5, "kt": 0.042, "km": 0.042, "mr": 0.095, "Lr": 0.085, "Dr": 0.00027, "mp": 0.024, "Lp": 0.129, "Dp": 5e-05, "g": 9.81}}